{"cameraMode":{"drawMode":0,"name":"Shaded","section":"Shading Mode"},"sceneLighting":true,"audioPlay":false,"sceneViewState":{"m_AlwaysRefresh":false,"showFog":true,"showSkybox":true,"showFlares":true,"showImageEffects":true,"showParticleSystems":true,"showVisualEffectGraphs":true,"m_FxEnabled":true},"in2DMode":false,"pivot":{"x":7.920211315155029,"y":-1.5584927797317505,"z":-3.1258294582366945},"rotation":{"x":0.3359738886356354,"y":-0.03672322258353233,"z":0.013098963536322117,"w":0.941101610660553},"size":3.3329665660858156,"orthographic":false}