{"cameraMode":{"drawMode":0,"name":"Shaded","section":"Shading Mode"},"sceneLighting":true,"audioPlay":false,"sceneViewState":{"m_AlwaysRefresh":false,"showFog":true,"showSkybox":true,"showFlares":true,"showImageEffects":true,"showParticleSystems":true,"showVisualEffectGraphs":true,"m_FxEnabled":true},"in2DMode":false,"pivot":{"x":-9.897674560546875,"y":0.24248841404914857,"z":2.8596081733703615},"rotation":{"x":0.5764932036399841,"y":-0.0036033792421221735,"z":0.002694978378713131,"w":0.8171607255935669},"size":24.59465789794922,"orthographic":false}