{"cameraMode":{"drawMode":0,"name":"Shaded","section":"Shading Mode"},"sceneLighting":true,"audioPlay":false,"sceneViewState":{"m_AlwaysRefresh":false,"showFog":true,"showSkybox":true,"showFlares":true,"showImageEffects":true,"showParticleSystems":true,"showVisualEffectGraphs":true,"m_FxEnabled":true},"in2DMode":false,"pivot":{"x":0.08356890827417374,"y":0.6563276052474976,"z":0.22788327932357789},"rotation":{"x":-0.12845104932785035,"y":0.7427372932434082,"z":-0.14899671077728272,"w":-0.6400713324546814},"size":0.5569445490837097,"orthographic":false}