{"cameraMode":{"drawMode":0,"name":"Shaded","section":"Shading Mode"},"sceneLighting":true,"audioPlay":false,"sceneViewState":{"m_AlwaysRefresh":false,"showFog":true,"showSkybox":true,"showFlares":true,"showImageEffects":true,"showParticleSystems":true,"showVisualEffectGraphs":true,"m_FxEnabled":true},"in2DMode":false,"pivot":{"x":-0.5664979219436646,"y":-2.1263720989227297,"z":-4.767263889312744},"rotation":{"x":0.3782528340816498,"y":-0.0027814763598144056,"z":0.0011168443597853184,"w":0.9257306456565857},"size":28.049097061157228,"orthographic":false}