{"cameraMode":{"drawMode":0,"name":"Shaded","section":"Shading Mode"},"sceneLighting":true,"audioPlay":false,"sceneViewState":{"m_AlwaysRefresh":false,"showFog":true,"showSkybox":true,"showFlares":true,"showImageEffects":true,"showParticleSystems":true,"showVisualEffectGraphs":true,"m_FxEnabled":true},"in2DMode":false,"pivot":{"x":0.7308034896850586,"y":0.5573593378067017,"z":-0.8923551440238953},"rotation":{"x":-0.17278170585632325,"y":0.28980106115341189,"z":-0.05328287184238434,"w":-0.9398583173751831},"size":3.9816901683807375,"orthographic":true}