{"cameraMode":{"drawMode":0,"name":"Shaded","section":"Shading Mode"},"sceneLighting":true,"audioPlay":false,"sceneViewState":{"m_AlwaysRefresh":false,"showFog":true,"showSkybox":true,"showFlares":true,"showImageEffects":true,"showParticleSystems":true,"showVisualEffectGraphs":true,"m_FxEnabled":true},"in2DMode":false,"pivot":{"x":-1.6715816259384156,"y":0.24658119678497315,"z":1.2165814638137818},"rotation":{"x":0.04657040536403656,"y":-0.18177838623523713,"z":0.008730826899409294,"w":0.9822535514831543},"size":5.269515514373779,"orthographic":false}