{"cameraMode":{"drawMode":0,"name":"Shaded","section":"Shading Mode"},"sceneLighting":true,"audioPlay":false,"sceneViewState":{"m_AlwaysRefresh":false,"showFog":true,"showSkybox":true,"showFlares":true,"showImageEffects":true,"showParticleSystems":true,"showVisualEffectGraphs":true,"m_FxEnabled":true},"in2DMode":false,"pivot":{"x":-6.221697807312012,"y":-0.9376587867736816,"z":0.14395001530647279},"rotation":{"x":-0.35771143436431887,"y":0.030824150890111924,"z":-0.011779175139963627,"w":-0.9332882761955261},"size":3.7940733432769777,"orthographic":false}